customer_id,customer_name,email,phone,city,country,created_at
CUS000001,Vivaan Mehta,vivaan.mehta1@gmail.com,+916374463918,Ahmedabad,India,2025-02-26 00:00:00
CUS000002,Ishaan Singh,ishaan.singh2@gmail.com,+919601345173,Mumbai,India,2025-06-14 00:00:00
CUS000003,Aadhya Bose,aadhya.bose3@gmail.com,+918415140493,Chennai,India,2023-12-07 00:00:00
CUS000004,Varun Patel,varun.patel4@gmail.com,+916685744792,Chennai,India,2023-05-19 00:00:00
CUS000005,Riya Kulkarni,riya.kulkarni5@gmail.com,+919013734705,Hyderabad,India,2023-09-09 00:00:00
CUS000006,Aarav Kapoor,aarav.kapoor6@gmail.com,+919322535098,Kochi,India,2023-03-31 00:00:00
CUS000007,Aadhya Verma,aadhya.verma7@gmail.com,+916028325487,Kolkata,India,2023-11-20 00:00:00
CUS000008,Vihaan Patel,vihaan.patel8@gmail.com,+916398420760,Hyderabad,India,2024-11-14 00:00:00
CUS000009,Arjun Sharma,arjun.sharma9@gmail.com,+917253277957,Kochi,India,2024-03-16 00:00:00
CUS000010,Sara Mehta,sara.mehta10@gmail.com,+918015596685,Mumbai,India,2025-05-07 00:00:00
CUS000011,Yash Jain,yash.jain11@gmail.com,+917475158736,Kolkata,India,2024-06-18 00:00:00
CUS000012,Krishna Pandey,krishna.pandey12@gmail.com,+918743438558,Kochi,India,2024-06-23 00:00:00
CUS000013,Pooja Kulkarni,pooja.kulkarni13@gmail.com,+916053893640,Jaipur,India,2024-02-12 00:00:00
CUS000014,Kiara Bose,kiara.bose14@gmail.com,+918741706375,Kochi,India,2025-03-26 00:00:00
CUS000015,Akash Mishra,akash.mishra15@gmail.com,+918235998633,Ahmedabad,India,2024-11-15 00:00:00
CUS000016,Diya Chopra,diya.chopra16@gmail.com,+916136757353,Hyderabad,India,2025-05-17 00:00:00
CUS000017,Neha Verma,neha.verma17@gmail.com,+919924079325,Delhi,India,2024-05-13 00:00:00
CUS000018,Reyansh Kulkarni,reyansh.kulkarni18@gmail.com,+917447043854,Ahmedabad,India,2024-07-21 00:00:00
CUS000019,Akash Verma,akash.verma19@gmail.com,+919105748068,Ahmedabad,India,2024-04-12 00:00:00
CUS000020,Priya Kulkarni,priya.kulkarni20@gmail.com,+916070043586,Kochi,India,2023-07-13 00:00:00
CUS000021,Aditya Joshi,aditya.joshi21@gmail.com,+916055100604,Pune,India,2023-12-27 00:00:00
CUS000022,Aadhya Bose,aadhya.bose22@gmail.com,+918151811383,Mumbai,India,2025-01-11 00:00:00
CUS000023,Rahul Jain,rahul.jain23@gmail.com,+918125061714,Pune,India,2025-02-21 00:00:00
CUS000024,Riya Mishra,riya.mishra24@gmail.com,+916762742104,Jaipur,India,2023-06-07 00:00:00
CUS000025,Anika Agarwal,anika.agarwal25@gmail.com,+919228312846,Mumbai,India,2024-04-17 00:00:00
CUS000026,Aarav Gupta,aarav.gupta26@gmail.com,+917959966760,Mumbai,India,2023-07-17 00:00:00
CUS000027,Ishaan Joshi,ishaan.joshi27@gmail.com,+918941908128,Ahmedabad,India,2023-10-06 00:00:00
CUS000028,Rahul Kapoor,rahul.kapoor28@gmail.com,+916001526150,Kochi,India,2023-04-22 00:00:00
CUS000029,Aditya Chopra,aditya.chopra29@gmail.com,+917524977283,Bengaluru,India,2024-12-25 00:00:00
CUS000030,Aditya Kapoor,aditya.kapoor30@gmail.com,+919854644866,Jaipur,India,2023-01-09 00:00:00
CUS000031,Aadhya Verma,aadhya.verma31@gmail.com,+918347555695,Ahmedabad,India,2024-12-11 00:00:00
CUS000032,Aarav Kulkarni,aarav.kulkarni32@gmail.com,+917127600778,Mumbai,India,2024-04-28 00:00:00
CUS000033,Yash Bose,yash.bose33@gmail.com,+917438086238,Chennai,India,2024-02-29 00:00:00
CUS000034,Aarav Nair,aarav.nair34@gmail.com,+919796236275,Bengaluru,India,2024-03-05 00:00:00
CUS000035,Karan Gupta,karan.gupta35@gmail.com,+917598198655,Pune,India,2024-11-15 00:00:00
CUS000036,Neha Verma,neha.verma36@gmail.com,+919542304025,Mumbai,India,2025-06-19 00:00:00
CUS000037,Yash Chopra,yash.chopra37@gmail.com,+917663048213,Delhi,India,2024-07-04 00:00:00
CUS000038,Arjun Jain,arjun.jain38@gmail.com,+919333465716,Ahmedabad,India,2025-05-05 00:00:00
CUS000039,Diya Gupta,diya.gupta39@gmail.com,+918297466259,Jaipur,India,2023-12-12 00:00:00
CUS000040,Vihaan Nair,vihaan.nair40@gmail.com,+919445751960,Ahmedabad,India,2024-08-26 00:00:00
CUS000041,Kiara Patel,kiara.patel41@gmail.com,+919184118769,Kolkata,India,2023-05-20 00:00:00
CUS000042,Sneha Sharma,sneha.sharma42@gmail.com,+917501261519,Kolkata,India,2024-04-05 00:00:00
CUS000043,Rohan Kapoor,rohan.kapoor43@gmail.com,+919397787942,Mumbai,India,2025-03-03 00:00:00
CUS000044,Reyansh Chopra,reyansh.chopra44@gmail.com,+917395247246,Jaipur,India,2025-06-11 00:00:00
CUS000045,Meera Bose,meera.bose45@gmail.com,+916590006093,Jaipur,India,2023-12-18 00:00:00
CUS000046,Vihaan Bose,vihaan.bose46@gmail.com,+919119547121,Pune,India,2024-01-13 00:00:00
CUS000047,Akash Malhotra,akash.malhotra47@gmail.com,+917460636137,Delhi,India,2023-04-06 00:00:00
CUS000048,Sanjana Chopra,sanjana.chopra48@gmail.com,+917044704745,Chennai,India,2023-07-28 00:00:00
CUS000049,Ishaan Agarwal,ishaan.agarwal49@gmail.com,+916184789581,Bengaluru,India,2024-05-27 00:00:00
CUS000050,Krishna Chopra,krishna.chopra50@gmail.com,+916856843158,Mumbai,India,2025-02-15 00:00:00
CUS000051,Krishna Mehta,krishna.mehta51@gmail.com,+918425043722,Bengaluru,India,2023-08-25 00:00:00
CUS000052,Nisha Kulkarni,nisha.kulkarni52@gmail.com,+916359664481,Jaipur,India,2023-12-16 00:00:00
CUS000053,Riya Gupta,riya.gupta53@gmail.com,+919991632299,Jaipur,India,2025-04-08 00:00:00
CUS000054,Arjun Mishra,arjun.mishra54@gmail.com,+918114356294,Ahmedabad,India,2025-01-18 00:00:00
CUS000055,Yash Sharma,yash.sharma55@gmail.com,+917103169816,Kochi,India,2024-12-31 00:00:00
CUS000056,Varun Mishra,varun.mishra56@gmail.com,+917462529754,Pune,India,2024-02-10 00:00:00
CUS000057,Ritika Chopra,ritika.chopra57@gmail.com,+919972668577,Kochi,India,2023-05-10 00:00:00
CUS000058,Rahul Sharma,rahul.sharma58@gmail.com,+919858032767,Kochi,India,2025-03-23 00:00:00
CUS000059,Nisha Mishra,nisha.mishra59@gmail.com,+917474868386,Kochi,India,2024-12-13 00:00:00
CUS000060,Vihaan Patel,vihaan.patel60@gmail.com,+917548961530,Kolkata,India,2025-06-01 00:00:00
CUS000061,Diya Kapoor,diya.kapoor61@gmail.com,+917355090635,Pune,India,2024-01-03 00:00:00
CUS000062,Yash Das,yash.das62@gmail.com,+917473316705,Pune,India,2025-04-10 00:00:00
CUS000063,Ritika Nair,ritika.nair63@gmail.com,+917642285934,Mumbai,India,2025-04-05 00:00:00
CUS000064,Ritika Kapoor,ritika.kapoor64@gmail.com,+917612051887,Delhi,India,2024-05-27 00:00:00
CUS000065,Ritika Nair,ritika.nair65@gmail.com,+919677915728,Ahmedabad,India,2024-07-26 00:00:00
CUS000066,Diya Verma,diya.verma66@gmail.com,+919958597664,Bengaluru,India,2023-10-31 00:00:00
CUS000067,Sanjana Mehta,sanjana.mehta67@gmail.com,+918159636604,Kochi,India,2025-04-19 00:00:00
CUS000068,Ananya Patel,ananya.patel68@gmail.com,+917634600591,Kochi,India,2023-02-22 00:00:00
CUS000069,Aadhya Jain,aadhya.jain69@gmail.com,+916461562555,Kochi,India,2024-04-21 00:00:00
CUS000070,Yash Kulkarni,yash.kulkarni70@gmail.com,+917042269431,Kolkata,India,2024-10-24 00:00:00
CUS000071,Ishaan Das,ishaan.das71@gmail.com,+918417063741,Chennai,India,2024-08-08 00:00:00
CUS000072,Kabir Das,kabir.das72@gmail.com,+918151760627,Delhi,India,2024-08-11 00:00:00
CUS000073,Ananya Patel,ananya.patel73@gmail.com,+916782568106,Mumbai,India,2023-05-07 00:00:00
CUS000074,Kiara Mishra,kiara.mishra74@gmail.com,+919151486027,Kolkata,India,2023-05-16 00:00:00
CUS000075,Riya Patel,riya.patel75@gmail.com,+918019957284,Hyderabad,India,2024-07-08 00:00:00
CUS000076,Ananya Joshi,ananya.joshi76@gmail.com,+919829103479,Kochi,India,2023-08-15 00:00:00
CUS000077,Varun Patel,varun.patel77@gmail.com,+917990314986,Kochi,India,2024-05-31 00:00:00
CUS000078,Yash Jain,yash.jain78@gmail.com,+919031168336,Mumbai,India,2024-08-17 00:00:00
CUS000079,Ananya Agarwal,ananya.agarwal79@gmail.com,+916977436106,Bengaluru,India,2024-12-05 00:00:00
CUS000080,Varun Mehta,varun.mehta80@gmail.com,+917224462726,Ahmedabad,India,2023-06-22 00:00:00
CUS000081,Diya Kapoor,diya.kapoor81@gmail.com,+916186428882,Mumbai,India,2024-09-13 00:00:00
CUS000082,Sara Nair,sara.nair82@gmail.com,+916851437818,Delhi,India,2023-02-17 00:00:00
CUS000083,Meera Nair,meera.nair83@gmail.com,+919280739473,Jaipur,India,2025-01-24 00:00:00
CUS000084,Ritika Iyer,ritika.iyer84@gmail.com,+917300313399,Kolkata,India,2024-05-26 00:00:00
CUS000085,Kabir Jain,kabir.jain85@gmail.com,+918266928584,Bengaluru,India,2023-04-05 00:00:00
CUS000086,Anika Pandey,anika.pandey86@gmail.com,+918340591223,Delhi,India,2024-07-24 00:00:00
CUS000087,Pooja Iyer,pooja.iyer87@gmail.com,+918236417682,Ahmedabad,India,2023-03-11 00:00:00
CUS000088,Kiara Das,kiara.das88@gmail.com,+916476518264,Kochi,India,2023-03-03 00:00:00
CUS000089,Kiara Kapoor,kiara.kapoor89@gmail.com,+918221749985,Hyderabad,India,2024-01-01 00:00:00
CUS000090,Sara Gupta,sara.gupta90@gmail.com,+916835198961,Pune,India,2023-08-05 00:00:00
CUS000091,Vivaan Reddy,vivaan.reddy91@gmail.com,+919908523880,Bengaluru,India,2023-08-02 00:00:00
CUS000092,Aadhya Sharma,aadhya.sharma92@gmail.com,+916047056236,Chennai,India,2024-02-27 00:00:00
CUS000093,Riya Sharma,riya.sharma93@gmail.com,+916179708714,Ahmedabad,India,2023-09-10 00:00:00
CUS000094,Karan Jain,karan.jain94@gmail.com,+919982156370,Delhi,India,2023-07-10 00:00:00
CUS000095,Vihaan Jain,vihaan.jain95@gmail.com,+918881707669,Chennai,India,2024-10-20 00:00:00
CUS000096,Krishna Chopra,krishna.chopra96@gmail.com,+916111524369,Chennai,India,2025-02-05 00:00:00
CUS000097,Pooja Gupta,pooja.gupta97@gmail.com,+918001005804,Ahmedabad,India,2023-08-19 00:00:00
CUS000098,Kabir Chopra,kabir.chopra98@gmail.com,+918845078297,Ahmedabad,India,2024-03-21 00:00:00
CUS000099,Riya Iyer,riya.iyer99@gmail.com,+917675410159,Kolkata,India,2023-03-20 00:00:00
CUS000100,Varun Patel,varun.patel100@gmail.com,+917231735652,Kolkata,India,2023-05-23 00:00:00
CUS000101,Neha Singh,neha.singh101@gmail.com,+916541074827,Kolkata,India,2023-05-05 00:00:00
CUS000102,Sanjana Joshi,sanjana.joshi102@gmail.com,+918369963846,Mumbai,India,2024-09-21 00:00:00
CUS000103,Anika Chopra,anika.chopra103@gmail.com,+917516149739,Chennai,India,2023-10-23 00:00:00
CUS000104,Krishna Agarwal,krishna.agarwal104@gmail.com,+916202874779,Jaipur,India,2023-04-19 00:00:00
CUS000105,Ritika Singh,ritika.singh105@gmail.com,+918546156156,Chennai,India,2024-11-11 00:00:00
CUS000106,Neha Verma,neha.verma106@gmail.com,+919352266401,Pune,India,2024-11-15 00:00:00
CUS000107,Aadhya Nair,aadhya.nair107@gmail.com,+917798688150,Kolkata,India,2023-05-10 00:00:00
CUS000108,Arjun Sharma,arjun.sharma108@gmail.com,+916698215631,Bengaluru,India,2025-03-18 00:00:00
CUS000109,Ananya Patel,ananya.patel109@gmail.com,+916421814565,Pune,India,2023-05-30 00:00:00
CUS000110,Anika Kapoor,anika.kapoor110@gmail.com,+916862519782,Ahmedabad,India,2024-11-08 00:00:00
CUS000111,Vivaan Patel,vivaan.patel111@gmail.com,+916651535666,Kolkata,India,2023-04-28 00:00:00
CUS000112,Karan Verma,karan.verma112@gmail.com,+916576941847,Mumbai,India,2024-11-15 00:00:00
CUS000113,Diya Das,diya.das113@gmail.com,+919487592559,Pune,India,2025-04-19 00:00:00
CUS000114,Ritika Reddy,ritika.reddy114@gmail.com,+917009888691,Ahmedabad,India,2025-03-14 00:00:00
CUS000115,Ananya Gupta,ananya.gupta115@gmail.com,+916383983237,Mumbai,India,2024-11-22 00:00:00
CUS000116,Rohan Kulkarni,rohan.kulkarni116@gmail.com,+918873996413,Chennai,India,2024-02-15 00:00:00
CUS000117,Pooja Reddy,pooja.reddy117@gmail.com,+919498904568,Mumbai,India,2023-03-04 00:00:00
CUS000118,Riya Verma,riya.verma118@gmail.com,+916473856001,Delhi,India,2023-09-13 00:00:00
CUS000119,Kabir Gupta,kabir.gupta119@gmail.com,+918393738343,Mumbai,India,2025-03-22 00:00:00
CUS000120,Pooja Pandey,pooja.pandey120@gmail.com,+919842535386,Jaipur,India,2025-02-24 00:00:00
CUS000121,Ishaan Kapoor,ishaan.kapoor121@gmail.com,+918384482755,Chennai,India,2024-01-12 00:00:00
CUS000122,Rahul Gupta,rahul.gupta122@gmail.com,+919635703299,Mumbai,India,2024-03-02 00:00:00
CUS000123,Nisha Jain,nisha.jain123@gmail.com,+917502617081,Mumbai,India,2023-11-17 00:00:00
CUS000124,Pooja Joshi,pooja.joshi124@gmail.com,+918174810119,Mumbai,India,2025-02-16 00:00:00
CUS000125,Rahul Jain,rahul.jain125@gmail.com,+916343103143,Hyderabad,India,2024-01-23 00:00:00
CUS000126,Nisha Kulkarni,nisha.kulkarni126@gmail.com,+917910050128,Bengaluru,India,2025-05-30 00:00:00
CUS000127,Neha Pandey,neha.pandey127@gmail.com,+919202226195,Pune,India,2024-06-30 00:00:00
CUS000128,Aadhya Verma,aadhya.verma128@gmail.com,+916823258794,Chennai,India,2023-07-30 00:00:00
CUS000129,Kiara Mishra,kiara.mishra129@gmail.com,+917216762420,Jaipur,India,2024-10-31 00:00:00
CUS000130,Riya Nair,riya.nair130@gmail.com,+917663395145,Delhi,India,2023-01-28 00:00:00
CUS000131,Neha Sharma,neha.sharma131@gmail.com,+919282954928,Hyderabad,India,2024-10-02 00:00:00
CUS000132,Yash Iyer,yash.iyer132@gmail.com,+917569896890,Bengaluru,India,2023-07-08 00:00:00
CUS000133,Arjun Pandey,arjun.pandey133@gmail.com,+916435487476,Bengaluru,India,2023-10-04 00:00:00
CUS000134,Akash Verma,akash.verma134@gmail.com,+917550956756,Delhi,India,2023-02-28 00:00:00
CUS000135,Diya Gupta,diya.gupta135@gmail.com,+917082640095,Bengaluru,India,2024-02-25 00:00:00
CUS000136,Nisha Mehta,nisha.mehta136@gmail.com,+918230889793,Jaipur,India,2025-03-22 00:00:00
CUS000137,Varun Singh,varun.singh137@gmail.com,+918861439852,Bengaluru,India,2024-07-01 00:00:00
CUS000138,Sanjana Kulkarni,sanjana.kulkarni138@gmail.com,+917232220670,Delhi,India,2025-03-29 00:00:00
CUS000139,Anika Reddy,anika.reddy139@gmail.com,+916022981251,Bengaluru,India,2023-04-06 00:00:00
CUS000140,Nisha Singh,nisha.singh140@gmail.com,+919295742903,Ahmedabad,India,2024-03-27 00:00:00
CUS000141,Ritika Joshi,ritika.joshi141@gmail.com,+918895186489,Hyderabad,India,2023-07-04 00:00:00
CUS000142,Aadhya Sharma,aadhya.sharma142@gmail.com,+917783955384,Pune,India,2023-08-03 00:00:00
CUS000143,Sanjana Sharma,sanjana.sharma143@gmail.com,+919468927180,Hyderabad,India,2024-03-03 00:00:00
CUS000144,Pooja Verma,pooja.verma144@gmail.com,+916750123506,Delhi,India,2024-07-02 00:00:00
CUS000145,Kiara Nair,kiara.nair145@gmail.com,+919338874146,Delhi,India,2024-02-04 00:00:00
CUS000146,Aditya Sharma,aditya.sharma146@gmail.com,+916524054458,Kochi,India,2025-03-21 00:00:00
CUS000147,Aadhya Mehta,aadhya.mehta147@gmail.com,+918441357311,Jaipur,India,2023-02-24 00:00:00
CUS000148,Karan Iyer,karan.iyer148@gmail.com,+919758212702,Delhi,India,2023-11-14 00:00:00
CUS000149,Nisha Bose,nisha.bose149@gmail.com,+919368484075,Chennai,India,2024-11-08 00:00:00
CUS000150,Aarav Gupta,aarav.gupta150@gmail.com,+917323339452,Pune,India,2023-10-19 00:00:00
CUS000151,Kiara Iyer,kiara.iyer151@gmail.com,+918136720457,Ahmedabad,India,2023-02-16 00:00:00
CUS000152,Aditya Gupta,aditya.gupta152@gmail.com,+916730806141,Mumbai,India,2024-11-13 00:00:00
CUS000153,Riya Reddy,riya.reddy153@gmail.com,+919854792824,Bengaluru,India,2025-04-29 00:00:00
CUS000154,Anika Malhotra,anika.malhotra154@gmail.com,+916815268726,Kochi,India,2024-02-15 00:00:00
CUS000155,Karan Kapoor,karan.kapoor155@gmail.com,+919054327592,Chennai,India,2024-07-01 00:00:00
CUS000156,Aditya Iyer,aditya.iyer156@gmail.com,+916385219285,Mumbai,India,2024-03-25 00:00:00
CUS000157,Riya Jain,riya.jain157@gmail.com,+919012088080,Pune,India,2023-02-01 00:00:00
CUS000158,Sneha Patel,sneha.patel158@gmail.com,+916670810677,Jaipur,India,2025-05-25 00:00:00
CUS000159,Vihaan Patel,vihaan.patel159@gmail.com,+919596821483,Kolkata,India,2024-02-26 00:00:00
CUS000160,Nisha Agarwal,nisha.agarwal160@gmail.com,+917433483006,Hyderabad,India,2024-11-08 00:00:00
CUS000161,Rahul Agarwal,rahul.agarwal161@gmail.com,+917840972721,Bengaluru,India,2024-11-04 00:00:00
CUS000162,Aditya Patel,aditya.patel162@gmail.com,+916927680729,Hyderabad,India,2023-06-05 00:00:00
CUS000163,Pooja Malhotra,pooja.malhotra163@gmail.com,+917296919949,Jaipur,India,2024-01-09 00:00:00
CUS000164,Kiara Mehta,kiara.mehta164@gmail.com,+917218362777,Hyderabad,India,2024-02-25 00:00:00
CUS000165,Riya Chopra,riya.chopra165@gmail.com,+919629962180,Jaipur,India,2024-11-07 00:00:00
CUS000166,Aditya Sharma,aditya.sharma166@gmail.com,+919823727832,Kochi,India,2024-08-17 00:00:00
CUS000167,Karan Gupta,karan.gupta167@gmail.com,+918232285575,Kochi,India,2025-02-16 00:00:00
CUS000168,Sneha Pandey,sneha.pandey168@gmail.com,+916434354710,Pune,India,2024-04-09 00:00:00
CUS000169,Rahul Bose,rahul.bose169@gmail.com,+918059010148,Chennai,India,2023-01-31 00:00:00
CUS000170,Rohan Das,rohan.das170@gmail.com,+917604061573,Delhi,India,2024-10-25 00:00:00
CUS000171,Ritika Bose,ritika.bose171@gmail.com,+919279610580,Kochi,India,2024-07-30 00:00:00
CUS000172,Rahul Kulkarni,rahul.kulkarni172@gmail.com,+916853332336,Mumbai,India,2023-06-23 00:00:00
CUS000173,Diya Patel,diya.patel173@gmail.com,+918516539983,Kolkata,India,2023-04-10 00:00:00
CUS000174,Pooja Joshi,pooja.joshi174@gmail.com,+919239948287,Hyderabad,India,2024-03-07 00:00:00
CUS000175,Akash Singh,akash.singh175@gmail.com,+918823115817,Bengaluru,India,2024-09-24 00:00:00
CUS000176,Kabir Malhotra,kabir.malhotra176@gmail.com,+917647955571,Jaipur,India,2023-05-20 00:00:00
CUS000177,Sneha Singh,sneha.singh177@gmail.com,+919279371665,Jaipur,India,2024-05-14 00:00:00
CUS000178,Yash Reddy,yash.reddy178@gmail.com,+919777858405,Jaipur,India,2024-10-04 00:00:00
CUS000179,Sara Kulkarni,sara.kulkarni179@gmail.com,+917354217953,Ahmedabad,India,2024-09-11 00:00:00
CUS000180,Pooja Mehta,pooja.mehta180@gmail.com,+917451023098,Kolkata,India,2024-11-23 00:00:00
CUS000181,Reyansh Reddy,reyansh.reddy181@gmail.com,+916438576871,Mumbai,India,2025-01-16 00:00:00
CUS000182,Karan Chopra,karan.chopra182@gmail.com,+919054477617,Hyderabad,India,2025-03-03 00:00:00
CUS000183,Diya Patel,diya.patel183@gmail.com,+916602597471,Hyderabad,India,2023-05-31 00:00:00
CUS000184,Sneha Agarwal,sneha.agarwal184@gmail.com,+919196969233,Hyderabad,India,2025-04-08 00:00:00
CUS000185,Yash Bose,yash.bose185@gmail.com,+919782873714,Jaipur,India,2023-09-13 00:00:00
CUS000186,Rahul Nair,rahul.nair186@gmail.com,+919315546440,Jaipur,India,2024-05-12 00:00:00
CUS000187,Sneha Sharma,sneha.sharma187@gmail.com,+918021199653,Delhi,India,2023-06-09 00:00:00
CUS000188,Diya Chopra,diya.chopra188@gmail.com,+918742163251,Pune,India,2024-03-25 00:00:00
CUS000189,Aditya Kapoor,aditya.kapoor189@gmail.com,+919206340869,Kolkata,India,2025-05-19 00:00:00
CUS000190,Aadhya Kulkarni,aadhya.kulkarni190@gmail.com,+916203069686,Ahmedabad,India,2024-10-15 00:00:00
CUS000191,Varun Kapoor,varun.kapoor191@gmail.com,+918994510999,Chennai,India,2023-04-01 00:00:00
CUS000192,Anika Das,anika.das192@gmail.com,+916062138799,Mumbai,India,2023-04-25 00:00:00
CUS000193,Karan Joshi,karan.joshi193@gmail.com,+917568253841,Pune,India,2023-11-25 00:00:00
CUS000194,Karan Bose,karan.bose194@gmail.com,+918984765049,Jaipur,India,2024-11-20 00:00:00
CUS000195,Sara Malhotra,sara.malhotra195@gmail.com,+918985808938,Pune,India,2023-12-16 00:00:00
CUS000196,Vivaan Nair,vivaan.nair196@gmail.com,+916544046376,Kolkata,India,2024-10-31 00:00:00
CUS000197,Krishna Mishra,krishna.mishra197@gmail.com,+917840682475,Mumbai,India,2024-10-16 00:00:00
CUS000198,Diya Gupta,diya.gupta198@gmail.com,+917156067589,Jaipur,India,2024-01-01 00:00:00
CUS000199,Rohan Verma,rohan.verma199@gmail.com,+917486028939,Mumbai,India,2023-07-30 00:00:00
CUS000200,Vihaan Bose,vihaan.bose200@gmail.com,+916552065972,Mumbai,India,2024-06-13 00:00:00
CUS000201,Nisha Mishra,nisha.mishra201@gmail.com,+918213677952,Ahmedabad,India,2024-03-06 00:00:00
CUS000202,Karan Mishra,karan.mishra202@gmail.com,+916275369881,Pune,India,2025-03-28 00:00:00
CUS000203,Reyansh Joshi,reyansh.joshi203@gmail.com,+916983054136,Ahmedabad,India,2023-12-03 00:00:00
CUS000204,Neha Mishra,neha.mishra204@gmail.com,+916502359156,Bengaluru,India,2024-02-10 00:00:00
CUS000205,Diya Chopra,diya.chopra205@gmail.com,+917613042927,Pune,India,2023-04-15 00:00:00
CUS000206,Ishaan Verma,ishaan.verma206@gmail.com,+918973904501,Chennai,India,2023-05-04 00:00:00
CUS000207,Reyansh Iyer,reyansh.iyer207@gmail.com,+916353916745,Bengaluru,India,2025-06-05 00:00:00
CUS000208,Kiara Das,kiara.das208@gmail.com,+919990422237,Ahmedabad,India,2025-01-17 00:00:00
CUS000209,Anika Patel,anika.patel209@gmail.com,+917780745377,Bengaluru,India,2023-02-22 00:00:00
CUS000210,Sanjana Jain,sanjana.jain210@gmail.com,+918179698893,Ahmedabad,India,2024-02-07 00:00:00
CUS000211,Ritika Kulkarni,ritika.kulkarni211@gmail.com,+917579605069,Bengaluru,India,2023-12-24 00:00:00
CUS000212,Ananya Pandey,ananya.pandey212@gmail.com,+916796413138,Mumbai,India,2023-05-04 00:00:00
CUS000213,Anika Agarwal,anika.agarwal213@gmail.com,+918147858395,Mumbai,India,2023-11-26 00:00:00
CUS000214,Ritika Iyer,ritika.iyer214@gmail.com,+919452597880,Chennai,India,2023-10-21 00:00:00
CUS000215,Karan Jain,karan.jain215@gmail.com,+916651575681,Kochi,India,2023-11-24 00:00:00
CUS000216,Sara Joshi,sara.joshi216@gmail.com,+916972341657,Mumbai,India,2024-07-01 00:00:00
CUS000217,Nisha Mishra,nisha.mishra217@gmail.com,+919600796663,Pune,India,2023-06-09 00:00:00
CUS000218,Ananya Reddy,ananya.reddy218@gmail.com,+919007517503,Jaipur,India,2024-05-02 00:00:00
CUS000219,Kabir Jain,kabir.jain219@gmail.com,+919911037934,Hyderabad,India,2025-03-06 00:00:00
CUS000220,Krishna Das,krishna.das220@gmail.com,+918071499209,Chennai,India,2025-03-18 00:00:00
CUS000221,Sara Das,sara.das221@gmail.com,+917989608930,Delhi,India,2025-04-06 00:00:00
CUS000222,Kiara Jain,kiara.jain222@gmail.com,+916340697300,Ahmedabad,India,2024-10-28 00:00:00
CUS000223,Varun Das,varun.das223@gmail.com,+916423242313,Kochi,India,2025-06-11 00:00:00
CUS000224,Varun Kulkarni,varun.kulkarni224@gmail.com,+917643980587,Kochi,India,2024-08-02 00:00:00
CUS000225,Nisha Chopra,nisha.chopra225@gmail.com,+916555412354,Mumbai,India,2023-08-27 00:00:00
CUS000226,Reyansh Kapoor,reyansh.kapoor226@gmail.com,+919392783584,Kolkata,India,2024-06-05 00:00:00
CUS000227,Sneha Pandey,sneha.pandey227@gmail.com,+917171283067,Pune,India,2024-09-13 00:00:00
CUS000228,Yash Jain,yash.jain228@gmail.com,+916751483041,Pune,India,2024-06-16 00:00:00
CUS000229,Sanjana Kapoor,sanjana.kapoor229@gmail.com,+919470340506,Bengaluru,India,2025-01-24 00:00:00
CUS000230,Priya Agarwal,priya.agarwal230@gmail.com,+918352409130,Chennai,India,2023-03-06 00:00:00
CUS000231,Anika Gupta,anika.gupta231@gmail.com,+916722567366,Kochi,India,2023-12-19 00:00:00
CUS000232,Arjun Gupta,arjun.gupta232@gmail.com,+919429020787,Ahmedabad,India,2023-11-08 00:00:00
CUS000233,Arjun Nair,arjun.nair233@gmail.com,+917950703173,Kochi,India,2023-10-02 00:00:00
CUS000234,Kabir Pandey,kabir.pandey234@gmail.com,+919506778790,Delhi,India,2023-07-20 00:00:00
CUS000235,Krishna Malhotra,krishna.malhotra235@gmail.com,+918551572526,Delhi,India,2023-02-20 00:00:00
CUS000236,Sanjana Iyer,sanjana.iyer236@gmail.com,+918624709062,Mumbai,India,2024-04-03 00:00:00
CUS000237,Reyansh Nair,reyansh.nair237@gmail.com,+919314394478,Kochi,India,2023-12-08 00:00:00
CUS000238,Sneha Nair,sneha.nair238@gmail.com,+917399241894,Bengaluru,India,2023-02-10 00:00:00
CUS000239,Kabir Patel,kabir.patel239@gmail.com,+917492199062,Bengaluru,India,2023-08-09 00:00:00
CUS000240,Reyansh Das,reyansh.das240@gmail.com,+917868859397,Bengaluru,India,2023-06-26 00:00:00
CUS000241,Riya Chopra,riya.chopra241@gmail.com,+916217860963,Pune,India,2024-09-12 00:00:00
CUS000242,Rahul Singh,rahul.singh242@gmail.com,+917780049202,Pune,India,2023-06-09 00:00:00
CUS000243,Sneha Jain,sneha.jain243@gmail.com,+916733695155,Hyderabad,India,2024-04-06 00:00:00
CUS000244,Priya Joshi,priya.joshi244@gmail.com,+919169259164,Mumbai,India,2024-02-14 00:00:00
CUS000245,Nisha Mishra,nisha.mishra245@gmail.com,+917335362253,Ahmedabad,India,2024-03-19 00:00:00
CUS000246,Neha Pandey,neha.pandey246@gmail.com,+916686011703,Hyderabad,India,2024-08-06 00:00:00
CUS000247,Krishna Reddy,krishna.reddy247@gmail.com,+917285755369,Kolkata,India,2025-01-31 00:00:00
CUS000248,Meera Gupta,meera.gupta248@gmail.com,+918918356568,Pune,India,2024-08-24 00:00:00
CUS000249,Reyansh Chopra,reyansh.chopra249@gmail.com,+916724420995,Kolkata,India,2023-08-26 00:00:00
CUS000250,Akash Singh,akash.singh250@gmail.com,+916405640612,Hyderabad,India,2023-11-06 00:00:00
