account_id,merchant_id,bank_name,account_number,ifsc_code,account_type,account_status,created_at
ACC000001,MER000001,ICICI Bank,908053162473,ICIC0002345,Current,Active,2024-04-08 10:00:00
ACC000002,MER000002,ICICI Bank,336625619290,ICIC0002345,Current,Active,2024-01-01 10:00:00
ACC000003,MER000003,Axis Bank,700012621964,UTIB0004567,Current,Active,2024-12-21 10:00:00
ACC000004,MER000004,Punjab National Bank,108028583755,PUNB0007890,Current,Active,2024-05-26 10:00:00
ACC000005,MER000005,State Bank of India,941629821539,SBIN0003456,Savings,Active,2024-03-07 10:00:00
ACC000006,MER000006,IndusInd Bank,481597082643,INDB0006789,Current,Active,2024-02-12 10:00:00
ACC000007,MER000007,Kotak Mahindra Bank,187525138707,KKBK0005678,Current,Active,2024-09-04 10:00:00
ACC000008,MER000008,Kotak Mahindra Bank,826046287257,KKBK0005678,Savings,Active,2024-12-03 10:00:00
ACC000009,MER000009,Axis Bank,517045625552,UTIB0004567,Savings,Inactive,2024-04-28 10:00:00
ACC000010,MER000010,Kotak Mahindra Bank,488136971784,KKBK0005678,Savings,Active,2024-06-06 10:00:00
ACC000011,MER000011,Axis Bank,766026602327,UTIB0004567,Savings,Active,2024-11-21 10:00:00
ACC000012,MER000012,State Bank of India,858663022120,SBIN0003456,Current,Active,2024-07-09 10:00:00
ACC000013,MER000013,Axis Bank,137889353643,UTIB0004567,Savings,Active,2024-01-08 10:00:00
ACC000014,MER000014,IndusInd Bank,889742985454,INDB0006789,Savings,Active,2024-04-19 10:00:00
ACC000015,MER000015,IndusInd Bank,256589576361,INDB0006789,Current,Active,2024-07-21 10:00:00
ACC000016,MER000016,Kotak Mahindra Bank,921467220156,KKBK0005678,Current,Active,2024-09-18 10:00:00
ACC000017,MER000017,Punjab National Bank,200903882207,PUNB0007890,Savings,Active,2024-03-17 10:00:00
ACC000018,MER000018,HDFC Bank,566779112532,HDFC0001234,Current,Active,2024-03-26 10:00:00
ACC000019,MER000019,ICICI Bank,112637644335,ICIC0002345,Savings,Active,2024-08-17 10:00:00
ACC000020,MER000020,ICICI Bank,578001943304,ICIC0002345,Savings,Active,2024-06-04 10:00:00
ACC000021,MER000021,State Bank of India,939668623711,SBIN0003456,Savings,Active,2024-12-24 10:00:00
ACC000022,MER000022,State Bank of India,656795048359,SBIN0003456,Current,Active,2024-05-27 10:00:00
ACC000023,MER000023,Axis Bank,958793742143,UTIB0004567,Current,Active,2024-03-18 10:00:00
ACC000024,MER000024,HDFC Bank,988335239225,HDFC0001234,Savings,Active,2024-02-12 10:00:00
ACC000025,MER000025,Kotak Mahindra Bank,903526763113,KKBK0005678,Current,Active,2024-10-03 10:00:00
ACC000026,MER000026,Canara Bank,237979090768,CNRB0008901,Current,Inactive,2024-09-25 10:00:00
ACC000027,MER000027,Canara Bank,336070141120,CNRB0008901,Current,Active,2024-10-14 10:00:00
ACC000028,MER000028,Axis Bank,582640166001,UTIB0004567,Savings,Active,2024-11-21 10:00:00
ACC000029,MER000029,Canara Bank,744335435865,CNRB0008901,Current,Active,2024-02-11 10:00:00
ACC000030,MER000030,Axis Bank,349360964064,UTIB0004567,Current,Active,2024-12-21 10:00:00
ACC000031,MER000031,ICICI Bank,405964900141,ICIC0002345,Current,Active,2024-02-17 10:00:00
ACC000032,MER000032,Canara Bank,622165852995,CNRB0008901,Current,Active,2024-12-19 10:00:00
ACC000033,MER000033,Axis Bank,821970820395,UTIB0004567,Savings,Active,2024-04-04 10:00:00
ACC000034,MER000034,Punjab National Bank,158965931802,PUNB0007890,Savings,Active,2024-08-28 10:00:00
ACC000035,MER000035,ICICI Bank,219664972382,ICIC0002345,Current,Active,2024-06-26 10:00:00
ACC000036,MER000036,Axis Bank,299380463457,UTIB0004567,Current,Active,2024-08-05 10:00:00
ACC000037,MER000037,Kotak Mahindra Bank,704971771246,KKBK0005678,Savings,Active,2024-02-15 10:00:00
ACC000038,MER000038,ICICI Bank,281403868608,ICIC0002345,Current,Active,2024-09-27 10:00:00
ACC000039,MER000039,Punjab National Bank,517318938760,PUNB0007890,Savings,Active,2024-07-02 10:00:00
ACC000040,MER000040,HDFC Bank,866320981994,HDFC0001234,Savings,Active,2024-08-10 10:00:00
ACC000041,MER000041,Canara Bank,909941412032,CNRB0008901,Current,Active,2024-04-02 10:00:00
ACC000042,MER000042,HDFC Bank,683482989002,HDFC0001234,Savings,Active,2024-10-16 10:00:00
ACC000043,MER000043,State Bank of India,173812556182,SBIN0003456,Current,Inactive,2024-02-28 10:00:00
ACC000044,MER000044,ICICI Bank,755321467395,ICIC0002345,Current,Active,2024-10-08 10:00:00
ACC000045,MER000045,HDFC Bank,445842718357,HDFC0001234,Current,Active,2024-10-19 10:00:00
ACC000046,MER000046,Kotak Mahindra Bank,534932502545,KKBK0005678,Current,Active,2024-06-08 10:00:00
ACC000047,MER000047,State Bank of India,784868121383,SBIN0003456,Savings,Active,2024-02-01 10:00:00
ACC000048,MER000048,ICICI Bank,504776119396,ICIC0002345,Current,Active,2024-09-09 10:00:00
ACC000049,MER000049,Kotak Mahindra Bank,771314199398,KKBK0005678,Current,Active,2024-09-23 10:00:00
ACC000050,MER000050,HDFC Bank,225689924079,HDFC0001234,Savings,Active,2024-02-05 10:00:00
ACC000051,MER000051,ICICI Bank,476744275623,ICIC0002345,Current,Active,2024-10-07 10:00:00
ACC000052,MER000052,Axis Bank,199002427407,UTIB0004567,Savings,Active,2024-05-28 10:00:00
ACC000053,MER000053,Punjab National Bank,800641535392,PUNB0007890,Savings,Active,2024-06-25 10:00:00
ACC000054,MER000054,Kotak Mahindra Bank,716017224649,KKBK0005678,Current,Active,2024-09-23 10:00:00
ACC000055,MER000055,HDFC Bank,140997998139,HDFC0001234,Current,Active,2024-12-05 10:00:00
ACC000056,MER000056,IndusInd Bank,975885943559,INDB0006789,Current,Active,2024-01-10 10:00:00
ACC000057,MER000057,HDFC Bank,486988551875,HDFC0001234,Savings,Active,2024-04-22 10:00:00
ACC000058,MER000058,Punjab National Bank,992493718889,PUNB0007890,Current,Active,2024-04-28 10:00:00
ACC000059,MER000059,State Bank of India,982236590250,SBIN0003456,Savings,Active,2024-12-11 10:00:00
ACC000060,MER000060,Axis Bank,342539766821,UTIB0004567,Savings,Active,2024-12-04 10:00:00
ACC000061,MER000061,Axis Bank,821656143707,UTIB0004567,Savings,Active,2024-04-08 10:00:00
ACC000062,MER000062,Axis Bank,483450922072,UTIB0004567,Savings,Active,2024-02-25 10:00:00
ACC000063,MER000063,Punjab National Bank,736422102747,PUNB0007890,Savings,Active,2024-02-09 10:00:00
ACC000064,MER000064,Kotak Mahindra Bank,966417503705,KKBK0005678,Current,Active,2024-07-12 10:00:00
ACC000065,MER000065,IndusInd Bank,308634857005,INDB0006789,Savings,Active,2024-09-04 10:00:00
ACC000066,MER000066,Kotak Mahindra Bank,988738578038,KKBK0005678,Current,Active,2024-01-17 10:00:00
ACC000067,MER000067,Axis Bank,446273815783,UTIB0004567,Savings,Active,2024-11-11 10:00:00
ACC000068,MER000068,ICICI Bank,543782576388,ICIC0002345,Savings,Active,2024-11-14 10:00:00
ACC000069,MER000069,Kotak Mahindra Bank,923247811948,KKBK0005678,Current,Active,2024-11-13 10:00:00
ACC000070,MER000070,State Bank of India,328865551724,SBIN0003456,Savings,Active,2024-01-10 10:00:00
